夜的命名术,会说话的肘子,最新更新 740、精准爆破·2022-04-18 23:32 
明克街13号,纯洁滴小龙,最新更新 第三百三十九章 “东方”的建筑风格·2022-04-18 22:30 
星门,老鹰吃小鸡,最新更新 第568章 出剑，时光剑！（求订阅月票）·2022-04-18 22:09 
我只想安静的做个苟道中人,爆炸小拿铁,最新更新 第二百章：不为外人所知。（第二更！求订阅！）·2022-04-18 23:12 
不科学御兽,轻泉流响,最新更新 第407章：祈的真实身份·2022-04-18 20:48 
家父汉高祖,历史系之狼,最新更新 第216章 借羊的那个少年，他再也不会来了·2022-04-18 17:10 
这游戏也太真实了,晨星LL,最新更新 第378章 战争，已经开始了·2022-04-18 13:02 
大奉打更人,卖报小郎君,最新更新 《大奉打更人之诸天万界》数字藏品预约开始啦！·2022-01-05 13:25 
公子别秀,荣小荣,最新更新 第313章 战科林·2022-04-18 18:13 
轮回乐园,那一只蚊子,最新更新 休息一天·2022-04-18 22:40 
我在1982有个家,全金属弹壳,最新更新 256.班长的消息和电台（日更2W求票哈）·2022-04-18 12:00 
神秘复苏,佛前献花,最新更新 第一千两百三十八章阳光下的会议·2022-04-18 03:16 
我已不做大佬好多年,萌俊,最新更新 349 江湖局势大好·2022-04-18 22:04 
开局账号被盗，反手充值一百万,酒剑仙人,最新更新 第一百五十三章 大状和大状（求月票）·2022-04-18 20:01 
诡秘之主,爱潜水的乌贼,最新更新 新书已发·2020-11-16 14:08 
这个明星很想退休,幼儿园一把手,最新更新 第五百一十章 特殊的获奖感言·2022-04-18 21:01 
赤心巡天,情何以甚,最新更新 第十三章 为谁风露立中宵·2022-04-18 12:00 
偷偷养只小金乌,育,最新更新 002 火·04-18 09:17 
深空彼岸,辰东,最新更新 新篇 第134章 染血的开天法旨·2022-04-18 04:25 
黎明之剑,远瞳,最新更新 番外-片段-尘埃落定之后·2022-04-11 20:05 
我的夫人竟是魔教教主,倔强的小肥兔,最新更新 第二百二十七章 鬼剑客出使燕国（求订阅求月票）·2022-04-18 22:07 
我的治愈系游戏,我会修空调,最新更新 第690章 我多少级来着？·2022-04-18 22:36 
长夜余火,爱潜水的乌贼,最新更新 第七部总结兼请假·2022-04-18 11:33 
在美漫当心灵导师的日子,遇牧烧绳,最新更新 第一百九十九章 你为什么这么熟练？（下）·2022-04-18 18:32 
我有一卷善恶天书,瑞血丰年,最新更新 第两百四十四章 剑道牛头，开挂修仙·2022-04-18 22:43 
终宋,怪诞的表哥,最新更新 第565章 邀约·2022-04-18 23:53 
镇妖博物馆,阎ZK,最新更新 第八百三十二章 水神共工——年轻版本·2022-04-18 22:53 
视死如归魏君子,平层,最新更新 第153章 浩气还太虚，丹心照千古·2022-04-18 00:00 
我的属性修行人生,滚开,最新更新 124原 下（谢吾右盟主）·2022-04-18 17:00 
朕就是亡国之君,吾谁与归,最新更新 第六百一十二章 罗马后继有人·2022-04-18 21:00 
艾泽拉斯阴影轨迹,帅犬弗兰克,最新更新 31.告诉你个好消息，你一直讨厌的玛维要被打死啦！·2022-04-18 08:02 
大国体育,静物JW,最新更新 我是玻璃人静物，我寻求大家的帮助！·2022-04-18 04:08 
凡人修仙传,忘语,最新更新 忘语新书《玄界之门》·2016-01-05 17:02 
大明第一臣,青史尽成灰,最新更新 第四百五十六章 抓了俘虏·2022-04-18 22:07 
我就是神！,历史里吹吹风,最新更新 第三百五十一章：黄铜油灯再现·2022-04-18 22:02 
洪主,烽仙,最新更新 第十三章 烽烟四起（求订阅月票）·2022-04-18 23:54 
我家娘子，不对劲,一蝉知夏,最新更新 第162章 凶手·2022-04-18 20:40 
神秘之劫,文抄公,最新更新 第742章 游戏人生（400加）·2022-04-18 15:00 
宇宙职业选手,我吃西红柿,最新更新 第四篇 第45章 攻占倚翠楼·2022-04-18 02:24 
万族之劫,老鹰吃小鸡,最新更新 新书《星门》发布！·2021-07-19 11:32 
第一百次相亲当天，逮捕相亲对象,刹车很及时,最新更新 第97章 徐东天的试验反应（加更6/9）·2022-04-18 20:03 
光明！,夜影恋姬,最新更新 第209章 等价交换（2合1）·2022-04-18 04:01 
星界使徒,齐佩甲,最新更新 179 术法体系·2022-04-18 23:39 
烂柯棋缘,真费事,最新更新 番外：未曾断绝的过往三十六·2022-04-17 23:07 
朕,王梓钧,最新更新 703【mafang】·2022-04-18 22:39 
黜龙,榴弹怕水,最新更新 第一百六十六章 浮马行（13）·2022-04-18 06:30 
诸界第一因,裴屠狗,最新更新 第520章 兖州，定！·2022-04-18 23:33 
精灵世界的底层训练家,说唱鸽,最新更新 第两百九十二章 上来就要扬村（9.4k+求月票！）·2022-04-18 23:12 
天启预报,风月,最新更新 第一千三百七十六章 我们中出了一个叛徒·2022-04-18 21:11 
修仙就是这样子的,凤嘲凰,最新更新 第三百一十五章 如果是演，未免太真了·2022-04-18 12:01 
什么叫六边形打野啊,这很科学啊,最新更新 143：我与死亡同行！·2022-04-17 23:59 
模拟：大国科技,九月酱,最新更新 第二百一十七章 掩人耳目·2022-04-18 09:35 
术师手册,听日,最新更新 第三张请假条·2022-04-18 08:00 
红楼之挽天倾,林悦南兮,最新更新 别等了·2022-04-18 23:01 
我真没想重生啊,柳岸花又明,最新更新 新书今天上架，大家去贡献个首订吧。·2022-02-25 18:07 
全球高武,老鹰吃小鸡,最新更新 新书《星门》发布！·2021-07-19 11:33 
女主从书里跑出来了怎么办,姬叉,最新更新 第三百五十章 平安夜·2022-04-18 18:00 
我将埋葬众神,见异思剑,最新更新 第两百一十三章：孽缘·2022-04-17 23:59 
蝉动,江苏棹子,最新更新 第六百一十四节我那么大一个....·2022-04-18 04:02 
LOL：这个男人太强了！,一片苏叶,最新更新 第二百六十七章：李哥很懂李哥·2022-04-17 23:59 
大王饶命,会说话的肘子,最新更新 4月18日新书，《夜的命名术》！·2021-04-17 21:58 
第一序列,会说话的肘子,最新更新 4月18日新书，《夜的命名术》！·2021-04-17 21:58 
小阁老,三戒大师,最新更新 《万历野获编(新)》节选——姗姗来迟的番外·2022-04-08 13:41 
皓玉真仙,小道不讲武德,最新更新 第六百三十章 双魔之争，勾心斗角（8.8K为大佬柯蒂、盟主加更！）·2022-04-18 20:29 
重生之似水流年,苍山月,最新更新 第187章 夏普的手段·2022-04-18 23:45 
超神宠兽店,古羲,最新更新 第一千三百九十六章 各方知晓·2022-04-16 23:58 
完美世界,辰东,最新更新 我的新书《深空彼岸》上传了·2021-05-01 10:12 
保护我方族长,傲无常,最新更新 第一百六十章 你当魔尊！我当魔皇·2022-04-18 22:52 
从红月开始,黑山老鬼,最新更新 月票年赛开始啦，红月拉票·2022-01-18 11:20 
遮天：成帝的我回到地球当保安,瘫帝,最新更新 第二百三十八章 为什么自己的李叔就执着于做一个保安呢？·2022-04-18 21:54 
重生我真的不会拒绝,周一口鸟,最新更新 一百二十一章 开学了！·2022-04-18 18:23 
我用闲书成圣人,出走八万里,最新更新 祥瑞御免，厄运退散·2022-04-18 22:46 
重生从闲鱼赢起,打不死的小萧,最新更新 第264章 这标！你把握不住！·2022-04-18 23:10 
明朝败家子,上山打老虎额,最新更新 新书《唐朝贵公子》上传。·2020-06-18 16:13 
骗了康熙,大司空,最新更新 第320章 皇太后懿旨·2022-04-18 16:25 
美漫大镖客,叶知非,最新更新 第481章 龙印之用，再临地狱·2022-04-18 22:15 
重生：回到1991年当首富,二八大杠,最新更新 第二千零三章 你们想怎么样？·2022-04-18 12:40 
神话版三国,坟土荒草,最新更新 第四千一百六十三章 暴力·2022-04-18 08:00 
叩问仙道,雨打青石,最新更新 第一千二百四十二章 终见·2022-04-18 23:50 
射手凶猛,初四兮,最新更新 第八十一章 急了急了！·2022-04-18 18:05 
大明皇长孙：朱元璋求我称帝,执笔见春秋,最新更新 第252章：被大明京师震撼到的帖木儿孙子·2022-04-17 23:36 
大魏读书人,七月未时,最新更新 有没有可能，提前发新书了？·2022-04-09 16:27 
赤侠,红烧大黑鱼,最新更新 138 燕玄辛·2022-04-18 22:48 
修复师,打眼,最新更新 第二百零五章 麝香茶（ 为白银盟Justin968加更）·2022-04-18 23:29 
道诡异仙,狐尾的笔,最新更新 第二百八十九章 坐忘道·2022-04-17 23:59 
是你们逼我成巨星的,巫马行,最新更新 第一百二十九章 现实的《乌鸦》！·2022-04-18 16:44 
斗破苍穹,天蚕土豆,最新更新 《斗破苍穹：斗帝之路》手游·角色传记（下）·2018-09-19 09:59 
我和大明星闪婚的日子,微了个信,最新更新 第667章 混日子？·2022-04-18 22:19 
超神机械师,齐佩甲,最新更新 新书《星界使徒》发布！·2021-10-24 10:12 
大人，得加钱,傲骨铁心,最新更新 第一百五十章 很冲的鬼子六·2022-04-18 22:49 
星辰变,我吃西红柿,最新更新 番茄新书《宇宙职业选手》已经正式发布！·2021-11-25 11:04 
稳住别浪,跳舞,最新更新 第四百五十七章 【有人味儿】·2022-04-18 22:28 
修仙三百年突然发现是武侠,孤云飞岫,最新更新 第三百三十三章 异域的真正目标·2022-04-17 23:59 
惊悚乐园,三天两觉,最新更新 完本感言·2017-11-28 02:38 
加一个，我不太会打,葛洛夫街兄弟,最新更新 497：型男奖励果然不对劲（求月票！）·2022-04-18 15:23 
重生大时代之1993,三月麻竹,最新更新 第438章，奇怪的调调，这谁比得了？·2022-04-18 20:56 
重生过去从四合院开始,金蟾老祖,最新更新 第四百五十六章 洗澡、修脚、刮脸、松骨·2022-04-18 17:59 
一世之尊,爱潜水的乌贼,最新更新 新书已发·2020-11-16 14:16 
第九特区,伪戒,最新更新 第二七五一章 春暖花开·2021-10-18 23:20 
全职艺术家,我最白,最新更新 第一千二百九十七章 一步之遥·2022-04-17 22:57 
绍宋,榴弹怕水,最新更新 新书已发《黜龙》·2021-12-02 10:12 
我的人生可以无限模拟,新亭,最新更新 270 法力三重天·2022-04-18 21:43 
谁还不是个修行者了,金色茉莉花,最新更新 第二百八十七章 张酸奶天下无敌·2022-04-18 18:05 
第一玩家,封遥睡不够,最新更新 五百七十三章·“杀了她吧，本体。”·2022-04-17 23:55 
学霸的黑科技系统,晨星LL,最新更新 新书《这游戏也太真实了》上传！·2021-07-23 21:13 
呢喃诗章,咸鱼飞行家,最新更新 第八百一十一章 漫长夜晚的结束·2022-04-18 17:50 
遮天,辰东,最新更新 我的新书《深空彼岸》上传了·2021-05-01 10:13 
某霍格沃茨的魔文教授,韩游思,最新更新 第六百七十八章再起·2022-04-18 02:43 
我娘子一个比一个诡异,海岸边的船只,最新更新 第478-479章 驸马他...真的很变态的...·2022-04-18 00:07 
回到2002当医生,真熊初墨,最新更新 2442 临床经验的积累·2022-04-18 03:05 
从木叶开始逃亡,叶惜宁,最新更新 第一百一十五章 暗流·2022-04-17 23:56 
这个穿越有点早,青铜老五,最新更新 第四百四十八章 特中特·2022-04-18 21:06 
我拍个鬼片，咋就成天师了？,要从容啊,最新更新 第九十一章 一碰就碎的诡异（两更9000，求订阅求月票！）·2022-04-18 01:16 
魔临,纯洁滴小龙,最新更新 新书《明克街13号》已发布！·2021-10-25 10:00 
大明太师,煌煌华夏,最新更新 请假·2022-04-18 20:53 
大梦主,忘语,最新更新 第一千八百五十章 出手及时·2022-04-18 12:01 
末日拼图游戏,更从心,最新更新 新书已发·2022-03-31 11:07 
华娱1997,胖一点,最新更新 488 日常（补更1/2）·2022-04-18 23:25 
吞噬星空,我吃西红柿,最新更新 番茄新书《宇宙职业选手》已经正式发布！·2021-11-25 10:59 
顶级气运，悄悄修炼千年,任我笑,最新更新 第1086章 未知的境界·2022-04-18 23:43 
高天之上,阴天神隐,最新更新 第一百七十一章 腾云驾雾 （3/3）·2022-04-18 08:02 
讨逆,迪巴拉爵士,最新更新 第430章 来了·2022-04-18 19:00 
我有一座冒险屋,我会修空调,最新更新 新书发布~我的治愈系游戏·2021-01-25 11:20 
奶爸：我曲爹身份被女儿曝光了,仇雕,最新更新 第326章 联合颁奖·2022-04-18 21:28 
从神探李元芳开始,兴霸天,最新更新 第四百二十章 大唐高官杀多了，来看外国皇子问斩·2022-04-18 23:00 
我就是不按套路出牌,百分之七,最新更新 第六百七十五章·2022-04-17 23:57 
禁区之狐,林海听涛,最新更新 第三百二十二章 不要背着包袱前进·2022-04-18 18:00 
晚唐浮生,孤独麦客,最新更新 第五十章 夹击·2022-04-18 17:21 
这个沙盒游戏不靠谱,太白水君,最新更新 第560章：腐尸得了骨质增生怎么办？·2022-04-18 03:09 
我的谍战岁月,猪头七,最新更新 第181章 五花大绑的男人·2022-04-18 19:30 
我在坟场画皮十五年,沉默的糕点,最新更新 第209章:赢缺无双!末日审判到来!·2022-04-18 10:09 
LOL：你也有过遗憾么,一织小虎牙,最新更新 第一百三十九章 一带一路！·2022-04-18 00:36 
亏成首富从游戏开始,青衫取醉,最新更新 新书《我的玩家都是演技派》·2022-03-20 22:17 
金刚不坏大寨主,徍男,最新更新 1403：万亩黄晶！魔罗惊恐（求月票）·2022-04-18 23:35 
仙子很凶,关关公子,最新更新 第十一章 怂怂本色·2022-04-18 00:01 
大荒扶妻人,不如放牛去,最新更新 第二百六十六章 宁无垢病入膏肓，纳贡派趁势反扑·2022-04-18 21:01 
玩家走狗满天下,氪金改命,最新更新 354：人证物证，一应俱全·2022-04-18 07:05 
我和崇祯成了合伙人,叫天,最新更新 582 俸禄·2022-04-18 12:40 
红楼：庶子崛起,青锋不燥,最新更新 第372章 继任者、金国正式上线·2022-04-18 22:37 
我的成神日志,大力宝,最新更新 577 温度·2022-04-18 10:00 
我师兄实在太稳健了,言归正传,最新更新 做了个不太稳健的决定【关于新书】·2022-02-16 20:55 
大明小学生,随轻风去,最新更新 第六百五十一章 叫破喉咙也没用·2022-04-18 23:37 
长生志异,真愚老人,最新更新 第四百四十四章 佛陀香肉，父爱如山·2022-04-17 23:53 
玄幻：我真不是盖世高人,归心,最新更新 第一千一百三十五章 龙子轩入梦·2022-04-18 06:01 
我在盗墓世界开宝箱,拉文克劳的学长,最新更新 第五百二十一章 焦尾琴·2022-04-18 23:53 
首富从盲盒开始,吃一口布丁,最新更新 第920章 我有一个开头·2022-04-18 20:02 
从执教皇马开始,陈爱庭,最新更新 379 穆里尼奥不简单！·2022-04-18 18:00 
只想退休的我被迫成了大将,咸鱼军头,最新更新 完结感言·2022-03-31 10:00 
开局赘入深渊,蟒雀,最新更新 143、144.重归武道与日常，凤仙应龙皆下凡（8.4K字-求订阅）·2022-04-18 00:01 
我真不想跟神仙打架,中秋月明,最新更新 546、全球输出不香吗·2022-04-18 06:11 
柯南里的捡尸人,仙舟,最新更新 1050【乌佐：你看这口锅…】求月票ヽ(〃∀〃)ﾉ~·2022-04-18 13:47 
圣墟,辰东,最新更新 我的新书《深空彼岸》上传了·2021-05-01 10:10 
从天后演唱会出道,月下吃柠檬,最新更新 完结感言（上一章发错了）·2022-03-26 11:10 
镜面管理局,横扫天涯,最新更新 第三百零七章 宝物到手·2022-04-18 08:04 
赘婿,愤怒的香蕉,最新更新 第一一二六章 旧梦故去 新的旅程（下）·2022-03-28 23:57 
基因大时代,猪三不,最新更新 第1112章 烟姿的要求与测试成功率（求订阅）·2022-04-18 23:16 
从塌房偶像到文娱巨星,鸽得巴适猜想,最新更新 第三百二十章：黑色幽默的悬疑片·2022-04-17 23:57 
斗罗大陆V重生唐三,唐家三少,最新更新 第七百零五章 一切都要开始了·2022-04-18 17:00 
奥术神座,爱潜水的乌贼,最新更新 新书已发·2020-11-16 14:14 
我在亮剑当战狼,寂寞剑客,最新更新 第577章 娘，俺想你·2022-04-18 00:05 
英雄无敌之隐藏建筑大师,凶猛公仓鼠,最新更新 234 魔法金字塔！翡翠龙登场。（五合一，求全订）·2022-04-18 21:23 
我的细胞监狱,穿黄衣的阿肥,最新更新 第二千一百六十二章 去吧~尼古拉斯·2022-04-18 22:15 
最初进化,卷土,最新更新 第五十三章 提督之野望·2022-04-18 00:07 
从全能学霸到首席科学家,首席设计师,最新更新 第一百四十七章 真理点的正确使用方式·2022-04-18 11:25 
武侠：开局奖励满级神功,落魄的小纯洁,最新更新 第二百二十二章 死了？·2022-04-18 18:02 
李治你别怂,贼眉鼠眼,最新更新 第三百一十九章 孽缘必须掐死！·2022-04-18 23:35 
凡人修仙之仙界篇,忘语,最新更新 新书《大梦主》上架感言·2020-07-31 23:09 
数风流人物,瑞根,最新更新 壬字卷 第二百一十二节 窥咽喉冯唐欲横刀·2022-04-18 21:39 
诡秘：从阅读者开始,名火速返,最新更新 第896章 大战开端·2022-04-18 19:05 
大隋说书人,不是老狗,最新更新 460.骨留厚土，魂归地府，切开名字·2022-04-18 00:02 
港综之无间道,这小牛很皮,最新更新 第四百九十六章 要钱（求订阅求月票）·2022-04-18 01:48 
我打造了救世组织,锈迹符文,最新更新 第八百五十一章：开除人籍的个体·2022-04-17 23:57 
万古神帝,飞天鱼,最新更新 第三千七百一十五章 轩辕第二·2022-04-18 16:59 
漫游在影视世界,不是马里奥,最新更新 第一千六百七十五章 你贪我的利息，我图你的本金·2022-04-18 05:01 
重生从不做备胎开始,故园三千里,最新更新 第五四七章 雇佣兵·2022-04-18 23:53 
一日为师,果味喵,最新更新 第9章 这是一个好问题·04-18 20:00 
我的前世模拟器,红颜三千,最新更新 220【来自嚎渊的大冤种】·2022-04-18 22:01 
弃宇宙,鹅是老五,最新更新 第九二六章 天罡因果·2022-04-18 21:07 
我有一枚两界印,西瓜吃葡萄,最新更新 第三百四十章 炸桃母神山·2022-04-18 08:31 
诸天从茅山开始,龙升云霄,最新更新 第三百六十四章：诡异广播·2022-04-18 09:35 
我写的自传不可能是悲剧,空长青,最新更新 第一百四十四章 你可别乱来啊·2022-04-18 01:35 
锦唐,桐棠,最新更新 第九章 墨阳选马 初见后厨·04-18 20:00 
柯南之我不是蛇精病,烟火酒颂,最新更新 第1866章 真是可恶啊·2022-04-18 19:37 
三国：造反被曹操窃听了心声,抹个零头,最新更新 第582章 夫人成了僚机·2022-04-18 00:15 
半仙,跃千愁,最新更新 第五八七章 再抽签·2022-04-18 18:45 
脑海带着一扇门,薄荷也会上火,最新更新 第五百零六章，水脉通，老人泣·2022-04-18 00:26 
我的玩家都是演技派,青衫取醉,最新更新 第109章 这是严首辅的意思（均订加更）·2022-04-18 20:16 
结婚后，人气声优突然搬来我家,松冈唯一神,最新更新 423.最后的晚餐。·2022-04-18 23:24 
综网的巫：从艾泽拉斯吃到山海经,易伤秋者,最新更新 第四百九十七章 观战地界（两更！）·2022-04-18 21:00 
儒道至圣,永恒之火,最新更新 新书《众神世界》发布！·2019-12-18 10:46 
LOL：我没有退役，只是没人要,很废很小白,最新更新 第一百零五章 爷酸了！·2022-04-18 22:54 
我能看见状态栏,罗三观.CS,最新更新 新书《万千星火》已发布·2021-12-22 20:52 
这个网游策划果然有问题,献歌,最新更新 213、张叔和父亲·2022-04-18 00:02 
无限流的元宇宙,A000浮肿,最新更新 第一百三十三章 战术推演·2022-04-18 00:14 
影帝他不想当太监,江公子阿宝,最新更新 第410章 我毕竟年纪还小（月票加更24/100）·2022-04-18 23:43 
开局签到荒古圣体,J神,最新更新 第1682章 澹台玉龙的考量，站队结盟，心神不宁的澹台青璇·2022-04-18 11:15 
从呆毛王开始公开处刑,重新飞起来,最新更新 第104章 远坂凛的奇妙大冒险（10K/10K）·2022-04-18 23:41 
我，毁灭日超人，加入聊天群,五天五法,最新更新 074、舍小保大·2022-04-18 23:00 
开局爆出熟练度面板,成有道,最新更新 第二百三十四章 阴世覆盖·2022-04-18 23:48 
道君,跃千愁,最新更新 新书《半仙》正式发布·2021-03-15 06:18 
十方武圣,滚开,最新更新 新书起航·2022-02-16 20:57 
三国之我不是蚁贼,小兵王2,最新更新 第210章，董卓的警惕·2022-04-18 16:09 
武炼巅峰,莫默,最新更新 后记加新书·2021-09-25 10:09 
重生之贼行天下,发飙的蜗牛,最新更新 四更爆发完毕求月票...·2011-11-06 02:11 
我的魅力只对坏女人有效,打死不鸽,最新更新 第0209章 女帝背后的男人【四合一，月票加更五、六！】·2022-04-18 05:09 
宝可梦修改器,骑车的风,最新更新 第282章 第六枚道馆徽章，到手！·2022-04-18 23:01 
无限神座,白衣学士,最新更新 第1115章 【希的邀请函】·2022-04-18 00:02 
放开那个女巫,二目,最新更新 新书《天道方程式》已发，求投喂！·2020-08-20 20:24 
异常生物见闻录,远瞳,最新更新 新书《黎明之剑》已经发布·2018-04-10 16:38 
我，谱写中华上下五千年,天下第一白,最新更新 第152章：霸气侧露的《讨武曌檄》……求订阅·2022-04-18 21:00 
庆余年,猫腻,最新更新 庆余年电视剧今晚播出·2019-11-26 17:20 
白骨大圣,咬火,最新更新 第754章 集齐碎片·2022-04-17 23:59 
学姐快住口！,蜜汁姬,最新更新 296.假如魔教教主穿越而来·2022-04-18 19:01 
修真聊天群（聊天群的日常生活）,圣骑士的传说,最新更新 新书上传啦，《万界点名册》·2020-08-10 11:24 
领主求生：从残破小院开始攻略,中华小铁匠,最新更新 第七百二十六章：理查德森收服计划【求订阅】·2022-04-18 22:34 
降临漫威的火影忍者,铅笔在跳舞,最新更新 第二百九十八章 鞭索 （为月票加更3，求月票）·2022-04-18 23:24 
没钱上大学的我只能去屠龙了,宇宙无敌水哥,最新更新 第八百七十九章：克格勃军官·2022-04-14 21:30 
天朝仙吏,六戏,最新更新 第三百六十三章蚌命贵？天师传承！·2022-04-18 09:46 
重塑千禧年代,渔雪,最新更新 487 李先生，好久不见（二合一）·2022-04-17 22:20 
捡到一只始皇帝,历史系之狼,最新更新 新书《家父汉高祖》，求支持·2022-02-20 10:50 
红楼春,屋外风吹凉,最新更新 开新书了啊！·2022-04-06 08:52 
全球领主：开局成为沙漠领主,吐泡泡的鲤鱼,最新更新 第260章 神降！吞噬神性（4400字两章合一）·2022-04-17 23:58 
深夜书屋,纯洁滴小龙,最新更新 新书《明克街13号》已发布！·2021-10-25 10:00 
我绑架了时间线,一刀斩斩斩,最新更新 第384章 波动领域场·2022-04-18 21:19 
修真门派掌门路,齐可休,最新更新 第六百五十七章 挥别楚秦盟·2022-04-18 13:31 
警察陆令,奉义天涯,最新更新 230章 刚到就抓票·2022-04-18 23:23 
控卫在此,快剑江湖,最新更新 439：岁在甲子，放手大杀·2022-04-18 22:58 
宠兽模拟器,夏竖琴,最新更新 第116章 云龙功·2022-04-18 19:49 
玩家凶猛,黑灯夏火,最新更新 新书已发·2021-09-22 17:36 
太昊金章,粉嫩的萌新作者,最新更新 第九十六章：压倒性的斗法·2022-04-18 17:00 
人族镇守使,白驹易逝,最新更新 第三百五十四章 交易（求月票）·2022-04-18 00:01 
轮回模拟：我能逆天改命,卢锅巴,最新更新 第一百三十五章 总要为了这天下，做点什么！·2022-04-18 23:50 
苟在女魔头身边偷偷修炼,怕辣的红椒,最新更新 第八十七章 女魔头是在等我跟她求救？·2022-04-18 10:01 
万相之王,天蚕土豆,最新更新 第四百八十一章  善意？·2022-04-18 18:24 
大时代从1983开始,晨风天堂,最新更新 第五五五节 一个字，买！·2022-04-18 00:06 
起航1992,千年静守,最新更新 兄弟们，请假一天·2022-04-18 23:43 
从龙族开始打穿世界,起飞的大象,最新更新 第九百六十三章：陆晨：别缠我身子！·2022-04-18 12:01 
悟性满级：剑阁观剑六十年,我不是小号,最新更新 219、君子剑，浩然气（五千字大章2/2）·2022-04-18 12:02 
全职高手,蝴蝶蓝,最新更新 最后一次上传，完本感言。·2014-04-30 01:05 
我真没想当训练家啊,北川南海,最新更新 新书已发《卡师指南》·2022-03-07 10:30 
特种兵之二次入伍,喜欢啃排骨,最新更新 第177章庄焱报仇（求订阅，求月票！）·2022-04-18 23:41 
诡道之主,不放心油条,最新更新 第一三二章 你的生机在我，那个神朝（8k）·2022-04-18 18:07 
覆汉,榴弹怕水,最新更新 新书已发《黜龙》·2021-12-02 10:12 
一念永恒,耳根,最新更新 一念永恒动画先导预告片·2020-05-04 10:38 
我能看到生命值,笔尖的手术刀,最新更新 第657章 比自己上夜班还累！·2022-04-18 22:19 
从夏洛特烦恼开始的文娱,游方老盗,最新更新 第一百八十二章：很润·2022-04-18 20:26 
嘿，妖道,我是瞎混的,最新更新 第两百四十五章 道兵·2022-04-18 19:24 
美综大枭雄,焰火璀璨,最新更新 第260章：·2022-04-18 10:25 
我打造了旧日支配者神话,金色梦乡,最新更新 665.后现代艺术展·2022-04-18 17:59 
大明：朕让你监国，大明全疯了？,喵觉,最新更新 第一百零五章：为坑小舅子，豪掷二十万的朱高炽！·2022-04-18 22:33 
圣女帮我模拟修仙,卜灵卜灵的,最新更新 第一百一十六章：陈千雪与秦艽的二度合作【5000字】·2022-04-18 08:04 
碧落天刀,风凌天下,最新更新 第一百二十八章 白蟒大队【算二合一吧】·2022-04-18 19:02 
修仙从时间管理开始,幽祝,最新更新 第十四章 山神庙宇，无间地狱·2022-04-18 19:00 
斗罗大陆,唐家三少,最新更新 第三百三十六章 大结局，最后一个条件（全书完）·2009-12-13 07:42 
这个世界什么时候有血条显示了,刹那辉煌,最新更新 第十四章 玉藻大失败与女神的半身·2022-04-18 17:22 
海兰萨领主,海逸小猪,最新更新 1091.云海之上·2022-04-18 22:30 
仙逆,耳根,最新更新 第十三卷 灯火阑珊 第2088章 蓦然回首（结局）·2012-01-08 17:17 
我世袭狱卒，开局镇压长公主,起飞的小白,最新更新 第215章 真假祝公公，一级戒备（求订阅，求月票！）·2022-04-18 22:28 
重生俄罗斯当寡头,琉璃湾,最新更新 第441章 寻找突破口·2022-04-18 23:44 
全属性武道,莫入江湖,最新更新 第1707章 无法逃离？黑天！虚空芥子大阵毁灭！（求订阅求月票！）·2022-04-18 00:01 
龙族：从只狼归来的路明非,火龙果大亨,最新更新 第二百八十四章 黑月之潮（二）·2022-04-18 23:32 
我的救世游戏成真了,笔墨纸键,最新更新 第191章 这就是导师的力量吗！（求月票）·2022-04-18 23:28 
我家老婆来自一千年前,花还没开,最新更新 新书已发·2021-07-27 09:44 
这个导演很靠谱,油炸大金,最新更新 第一百七十五章 都很忙的六月（3/4）·2022-04-18 21:13 
开局顶流的我怎么会糊,别人家的小猫咪,最新更新 第190章 超高的价值·2022-04-18 23:26 
牧神记,宅猪,最新更新 宅猪新书，《临渊行》已经上传·2019-12-15 11:16 
疯了吧，你管这叫实习律师,某二狗,最新更新 292章 转机？老郭火力再开！·2022-04-18 08:00 
机械炼金术士,盲候,最新更新 第三八六章 海神宝库·2022-04-18 23:40 
三国：我帮刘备种出万里江山,西门扬舟,最新更新 第四百四十一章 血脉压制·2022-04-18 07:03 
我可以进入游戏,问心万古,最新更新 第三百三十五章 怎么会没有问题?烂泥扶不上墙！·2022-04-18 15:03 
锦衣,上山打老虎额,最新更新 第七百八十一章：天下无事（大结局）·2022-04-04 20:52 
大医凌然,志鸟村,最新更新 完本感言·2021-08-30 14:24 
锦衣状元,天子,最新更新 第一百五十五章 有钱好办事（加更）·2022-04-18 20:20 
重生科技学霸,疯子C,最新更新 完本感言·2022-04-06 00:58 
孙悟空的人生模拟器,岳不懂,最新更新 第160章 破局·2022-04-18 23:36 
大唐第一世家,晴了,最新更新 第2461章 不可能，绝对不可能，我不相信（三千字章）·2022-04-18 05:00 
大周仙吏,荣小荣,最新更新 新书已发·2021-11-15 09:23 
医路坦途,臧福生,最新更新 第九十二章 手把手嘴对嘴的教·2022-04-18 06:00 
我不可能是剑神,裴不了,最新更新 新书发咯！！！·2022-04-16 09:03 
我还没上台，经纪公司就倒闭了,南天有雪,最新更新 第1037章 风吹起了从前·2022-04-18 01:10 
启明1158,御炎,最新更新 一千一百八十五 明国的经济进军·2022-04-18 10:03 
太乙,雾外江山,最新更新 请假一天，整理一下思路！·2022-04-18 22:31 
人在斗罗，哄骗小舞魂环,蛋炒青椒,最新更新 第三百二十三章 唐三发现兔子怀孕·2022-04-18 20:45 
摊牌了，我就是一条龙,左手洛莉,最新更新 第257、258章 化龙成功，天灾应龙1·2022-04-18 21:33 
真君请息怒,张老西,最新更新 第三百二十一章 阵破魔物出，离火耀山城·2022-04-18 23:51 
重生之金融巨头,昭灵驷玉,最新更新 第785章【老杨身价创新高】·2022-04-18 18:06 
这个交警有异能,左道卜凡,最新更新 第314章 神奇鉴定术·2022-04-18 11:07 
相亲对象是神明之女,雨下的好大,最新更新 第三百零五章 破碎虚空·2022-04-18 20:23 
你好，1983,隐为者,最新更新 第九百六十一章 这个主意真不错！·2022-04-18 00:06 
战锤巫师,帝桓,最新更新 第973章 二十四级巫师·2022-04-18 22:54 
我为截教仙,奋斗的熊崽,最新更新 第466章 两界交锋，大战冥王！·2022-04-11 23:58 
天道方程式,二目,最新更新 第九百零三章 受降·2022-04-18 18:17 
掌控时光之龙,唐宋元明氢,最新更新 209 与力能龙的第一次尝试（求月票）·2022-04-18 18:25 
我前妻是大明星,五陵,最新更新 第119章 演唱会上谈工作·2022-04-18 23:53 
怪物被杀就会死,阴天神隐,最新更新 新书前言·好奇心·《高天之上》·2022-02-16 11:30 
朕又突破了,老告,最新更新 第四百八十六章 悍勇绝伦【求订求票】·2022-04-18 22:34 
重返八零,酒心芒果果,最新更新 第727章 承包服务·2022-04-18 21:25 
神诡世界，我能修改命数,白特慢啊,最新更新 第一百八十一章 九品练气士，他可是我的手足兄弟·2022-04-18 04:16 
电影救世主,第十个小号角,最新更新 第263章 愈演愈烈·2022-04-18 23:46 
种菜骷髅的异域开荒,情终流水,最新更新 第四百六十六章 我……我还没上车呢·2022-04-18 00:21 
我的女友是恶劣大小姐,掠过的乌鸦,最新更新 新书已发·2021-07-23 09:51 
某美漫的超级玩家,米一克,最新更新 681、他直值五十万（第二更！！）·2022-04-18 12:00 
重生东京泡沫时代,半亩南山,最新更新 第593章、他给得太多了·2022-04-18 20:02 
合道,断桥残雪,最新更新 第三百四十五章 他们就是你的人？·2022-04-18 10:50 
异常收藏家,捕梦者,最新更新 第五百二十八章 给您装扇门·2022-04-18 23:03 
我，天煞孤星，爱好交友,老婆大大,最新更新 第三百二十一章 天下首富窦长生·2022-04-18 23:23 
唐砖,孑与2,最新更新 新书预告，《银狐》登陆·2015-11-20 10:50 
港综：从拜师龙四开始,没人爱的小兽,最新更新 第七十四章：盛典开幕·2022-04-18 11:34 
整座大山都是我的猎场,百李山中仙,最新更新 第一百三十三章.援民妙计灭熊霸·2022-04-18 22:16 
玄浑道章,误道者,最新更新 第四百八十六章 捉器返天回·2022-04-18 22:33 
大国舰船,安溪柚,最新更新 第两百七十二章 温大伟这人能处·2022-04-18 22:54 
具现真实游戏,叶脈,最新更新 第809章 精神分裂？·2022-04-18 23:42 
足球应该像我这样踢,一颗胖桃,最新更新 第353章 你们要的陆来了·2022-04-18 19:00 
盘龙,我吃西红柿,最新更新 番茄新书《宇宙职业选手》已经正式发布！·2021-11-25 11:05 
一品丹仙,八宝饭,最新更新 第十二章 请定夺·2022-04-18 18:41 
我有一个魔神模拟器,第一魔,最新更新 第126章 镇山王的舰队·2022-04-18 23:43 
逃生游戏：我觉醒了求生模拟器,风起航帆,最新更新 第一百五十八章：鬼界渣男代表·2022-04-18 23:27 
提前一道纪登陆洪荒,天地有缺,最新更新 第490章 先天符道·2022-04-18 15:35 
九星之主,育,最新更新 新书《偷偷养只小金乌》已上传·2022-04-18 16:31 
拉克丝的法穿棒,夜隐枭,最新更新 【0173】 再见莎拉·2022-04-18 18:39 
这些妖怪怎么都有血条,真的亦沉醉,最新更新 第三百二十四章 再访柳家，丈母娘的小情绪·2022-04-18 23:54 
诸天纵横，从武林外传开始,贫道爱烫头,最新更新 第503章 帝释天的野望，龙凤呈祥·2022-04-18 12:10 
灾厄之冠,颓废龙,最新更新 第九十四章 选择.布局（二合一章节~求订阅~求月票~）·2022-04-18 08:00 
一个人砍翻江湖,缺悦,最新更新 第二百八十一章：疯杀·2022-04-18 00:01 
吕布的人生模拟器,会说话的胡子,最新更新 新书·2022-04-04 08:00 
战地摄影师手札,痞徒,最新更新 第539章 事情开始变得有意思了·2022-04-18 23:27 
大道争锋,误道者,最新更新 新书《玄浑道章》已发布，希望大家支持！！·2019-06-17 14:32 
联盟：我的青钢影让母校出名了,白银战神,最新更新 第两百六十二章 【飞雷神之术！】·2022-04-17 23:48 
德鲁伊的漫威游记,子曰囧,最新更新 第217章 粮食计划与瓦坎达（5/5求订阅）·2022-04-18 12:05 
当无限降临,叶恨水,最新更新 第341章 含泪赚上好几亿·2022-04-18 09:00 
走进不科学,新手钓鱼人,最新更新 第两百章 一条全新的微粒轨道（5.6K）·2022-04-18 22:40 
四合院：从晋升工程师开始,十二经脉,最新更新 第179章 全院大会，蓄势待发·2022-04-18 16:36 
修仙死路一条！,妖僧花无缺,最新更新 第一百六十九章 再启【点化】！三重【重元】！【求月票！】·2022-04-18 20:00 
问剑,黑灯夏火,最新更新 第二百九十八章 铃珠·2022-04-18 14:06 
无限辉煌图卷,温茶米酒,最新更新 第一百九十五章 紫罗兰基因之树·2022-04-17 23:40 
问鼎十国,无言不信,最新更新 第四十八章 此乃贼人之计也·2022-04-18 20:19 
牧龙师,乱,最新更新 第1474章 潮汐之埋·2022-04-18 23:21 
人道大圣,莫默,最新更新 第六百三十七章 战利品太多的烦恼·2022-04-18 18:00 
我们生活在南京,天瑞说符,最新更新 新书预告与其他通知·2022-04-06 14:42 
恭喜你被逮捕了,Iced子夜,最新更新 第二百零五章 奇迹之日！（下）·2022-04-18 23:44 
这个武圣超有素质,踏雪真人,最新更新 第二百八十二章 会面·2022-04-18 23:02 
什么叫游走型中单啊,这很科学啊,最新更新 正文完结感言·2022-01-01 10:25 
诡秘：悖论途径,翟南,最新更新 第二百八十二章 要是还有兔子就好了·2022-04-18 13:29 
灵境行者,卖报小郎君,最新更新 第五十六章 婚帖·04-18 23:36 
警探长,奉义天涯,最新更新 《警察陆令》已发·2022-01-01 22:49 
我的成就系统大有问题,天锣雷光,最新更新 那啥，请个假…·2022-04-18 19:15 
我在古代日本当剑豪,漱梦实,最新更新 第744章 不愧是能引动天雷的人！【5400】·2022-04-18 19:13 
洪荒历,zhttty,最新更新 第六十一章：负面·2022-04-18 23:40 
大英公务员,青山铁杉,最新更新 第一千二百六十七章 热闹的一年·2022-04-18 23:20 
垂钓之神,会狼叫的猪,最新更新 第2727章 无敌悟长生·2022-04-18 17:28 
我有一身被动技,熬夜吃苹果,最新更新 请个假·2022-04-18 19:00 
皇兄何故造反？,月麒麟,最新更新 第七百二十二章：手起刀落·2022-04-18 23:00 
太监能有什么坏心思,小小部长,最新更新 第四百八十四章 阿大又接到了大项目！·2022-04-17 23:59 
谍影风云,寻青藤,最新更新 《谍影风云》的实体书出版了！·2020-12-12 10:32 
治愈系篮球,超级麦克风,最新更新 179.不愧是我！（7300+字，含7/15补更）·2022-04-18 23:27 
紫川,老猪,最新更新 第三十二集 尘埃落定 第六章 帝国新生（下）全书完·2009-03-05 00:07 
从姑获鸟开始,活儿该,最新更新 第四十六章 大闹活鱼谷（完）·2022-02-14 03:11 
重生我真没想当暖男,李远哲,最新更新 这个月最后请一天假！·2022-04-18 22:03 
美漫丧钟,混沌文工团,最新更新 第3866章 吃牢饭·2022-04-18 12:10 
人在诸天，漂到失联,青楼书生,最新更新 第四章 爱恨只在一瞬间·04-18 08:00 
嘉佑嬉事,血红,最新更新 第五百一十章 一地鸡毛（7）·2022-04-18 20:31 
我只能和S级女神谈恋爱,唐小虾,最新更新 第422章 更高级的世界（双更）·2022-04-18 23:14 
御兽巡使,书荒被迫写书,最新更新 第四十七章 有没有一种可能（求投资求追读）·04-18 12:00 
大乾长生,萧舒,最新更新 第896章 练成（二更）·2022-04-18 22:24 
术士入侵火影,叁更兽,最新更新 顶不住了，请假一天·2022-04-18 16:00 
身为领主的我只想好好种田,大汉护卫,最新更新 第六百八十章 李世民的玄甲军！·2022-04-18 23:33 
末日从噩梦开始,暗黑茄子,最新更新 第七百零八章 你可别那么快死啊【5000求月票】·2022-04-18 17:57 
我的篮球视界与众不同,无知的米酒,最新更新 第162章 屠戮勇士·2022-04-18 19:15 
全民成神从领主开始,十曜,最新更新 142、徐庶的震惊，周瑜的决断·2022-04-18 09:38 
伏天氏,净无痕,最新更新 番外（5）·2022-02-28 11:24 
超凡从撕剧本开始,燃冷光,最新更新 387 【驾驭1】，透骨乌龙骓·2022-04-18 20:00 
我成帝了金手指才来,天涯月照今,最新更新 第一千五百三十九章 杀入·2022-04-18 22:00 
我在当铺鉴宝的那些年,当年烟火,最新更新 第四百四十章 把天捅出了个窟窿·2022-04-17 23:56 
全球轮回：我的身份有问题,永不咸鱼,最新更新 第218章 谋定后动，银须宋鲁！·2022-04-18 14:41 
宅魔女,咸鱼成仙,最新更新 262.法术位尝试·2022-04-18 22:25 
斗罗大陆IV终极斗罗,唐家三少,最新更新 后记·2021-05-20 07:00 
联盟：开局唢呐，送走了周姐呆妹,幽影夜神2,最新更新 第114章 周姐，注意形象！！·2022-04-18 22:47 
从阿兹卡班到霍格沃茨,我只是鸽子呀,最新更新 五六四 对于鞋子的尝试·2022-04-17 23:56 
天阿降临,烟雨江南,最新更新 第1018章 少说两句吧·2022-04-18 18:00 
超维术士,牧狐,最新更新 第3015节 蓝色猩猩·2022-04-17 23:58 
我要与超人约架,辣酱热干面,最新更新 第1020章 五角大楼的大黑手·2022-04-18 21:33 
修真从穿越三年开始,行为金融,最新更新 儿子出生了，请假几天·2022-04-13 20:59 
我的一天有48小时,小呆昭,最新更新 第一人称短篇《修真界失恋康复指南》八万字啦~·2022-04-15 22:14 
天天中奖,云罱,最新更新 第384章 枕头风·2022-04-18 20:51 
大海贼从挖凯多墙角开始,练到呕吐,最新更新 第四二四章 霸海！霸海！·2022-04-18 13:27 
黄金召唤师,醉虎,最新更新 第八百四十二章 大鱼·2022-04-18 21:58 
这个人仙太过正经,言归正传,最新更新 做了个不太稳健的决定【新书有关】·2022-02-16 20:55 
全民领主：我的兵种变异了,潜水的锅巴,最新更新 第292章 围堵·2022-04-18 20:04 
精灵掌门人,轻泉流响,最新更新 新书《不科学御兽》已上传·2021-07-01 10:31 
这个医生太厉害,红色听诊器,最新更新 第206章 长期右下腹痛病人·2022-04-18 19:00 
黑石密码,三脚架,最新更新 1570 混进去·2022-04-18 21:58 
奶爸学园,剑沉黄海,最新更新 1250、小白你不要走·2022-04-18 23:27 
异界之万族之王,有点意思哈,最新更新 第11章追、杀·04-18 08:00 
从山君开始无限模拟,睡觉我会白,最新更新 第100章 我悟了！模拟器的真实目的！（求订阅！）·2022-04-18 23:04 
从剧本杀店开始,吨吨吨吨吨,最新更新 第一百零一章 五彩绳·2022-04-18 23:03 
一个都别想跑出新手村,长白山上长白客,最新更新 第207章 极品女儿极品红【第四更】·2022-04-18 21:51 
复活帝国,火中物,最新更新 第521章 赛拉的抗争·2022-04-17 23:59 
我能召唤历史喵,呜喵王之怒,最新更新 不好意思，刚回家·2022-04-18 22:29 
还好分身可以投放万界,团又圆,最新更新 第一百二十四章 莫尔卡萨·2022-04-18 11:20 
无尽债务,Andlao,最新更新 第十四章 启动键·2022-04-18 11:12 
天道图书馆,横扫天涯,最新更新 新书《镜面管理局》，已上传起点中文网。·2021-10-01 11:18 
神豪从系统宕机开始,潇潇清枫,最新更新 第1341章：近能爆扣，远能三分·2022-04-18 12:01 
仙箓,布谷聊,最新更新 第五百二十五章 虞渊故人·2022-04-17 23:57 
洪荒关系户,清风小道童,最新更新 番外篇，诸圣告离·2022-03-15 00:02 
秘战无声,长风,最新更新 第1114章：再见江琳·2022-04-18 21:04 
诸天尽头,凤嘲凰,最新更新 ✎✎新书已发·2021-11-15 18:42 
我真不是黄金圣斗士,八卍,最新更新 第319章 光头雷神上错床·2022-04-18 18:02 
我家掌门天下第一,鹿食萍,最新更新 第260章 正一威盟李仙侠·2022-04-18 23:34 
帝霸,厌笔萧生,最新更新 第4722章维诘枪·2022-04-18 11:14 
影帝的诸天轮回,惠鹏鹏,最新更新 0919、倒霉的张伟·2022-04-18 23:48 
我的武功全球流行,不会飞的笔,最新更新 第二百二十二章 男儿热血今犹在（大章，二合一）·2022-04-18 17:23 
我的老婆遍布异界,枭鸮,最新更新 第十七章：攻略组？我只是个路过的穿越者罢了（3K）·04-18 18:26 
超级神基因,十二翼黑暗炽天使,最新更新 新书《我只想安静地打游戏》上传·2019-04-09 15:28 
世子很凶,关关公子,最新更新 新书《太莽》已经上传～·2021-05-10 14:48 
您完全不按套路制卡是吗,星声,最新更新 第一百四十九章 没想到你正经起来还挺正经的（求订阅！）·2022-04-18 13:00 
临渊行,宅猪,最新更新 短篇故事《云罗墟》来啦！·2021-08-17 20:09 
玩家超正义,不祈十弦,最新更新 新书《倾覆之塔》已上线~·2022-02-16 11:20 
重生：崛起香江,镔铁,最新更新 1015【功夫皇帝，我要一个打十个！】（求订阅！）·2022-04-18 10:03 
我的美综世界,最爱向左,最新更新 第230章 入侵华尔街（8000）·2022-04-18 09:07 
卡师指南,北川南海,最新更新 第091章 忍冬大学的面试会·2022-04-18 23:48 
我的老婆从游戏里出来了,一杯白米饭,最新更新 第101章 新的女儿？（感谢陳少佐3万赏）·2022-04-18 19:43 
倾覆之塔,不祈十弦,最新更新 第九章 大小姐来给您整个活·2022-04-18 12:02 
我的恋爱画风有些不正常,喜欢红烧带鱼,最新更新 第二十三章，【雅欣与云卿】（第二更）·2022-04-18 13:10 
无限之剧本杀,过水看娇,最新更新 第四十一章：看似善行，都是生意·2022-04-18 22:35 
噩梦惊袭,温柔劝睡师,最新更新 第977章 我的要求可能有些奇怪·2022-04-18 23:07 
我真的只是想打铁,静悄悄地写,最新更新 过两天就要动手术了，兄弟们TnT......·2022-04-13 20:21 
黑暗逐光者,咸鱼怡一,最新更新 第二百七十章 热寂的解放·2022-04-18 15:30 
原来我是修仙大佬,木下雉水,最新更新 第八百四十三章 出山·2022-04-18 22:15 
开局赠送天生神力,金边野草,最新更新 第四百三十章 提升·2022-04-17 23:58 
我的中二日记遭曝光了,麻辣凤凰爪,最新更新 第九十六章 抬手，一巴掌，扇过去，砰～·2022-04-18 12:06 
她们都想杀死我,我爱恰柠檬,最新更新 第一百四十二章 赴死·2022-04-18 22:19 
剑卒过河,惰堕,最新更新 老惰开新书啦·2022-04-01 22:50 
捕星之从超级玩具工厂开始,笨蛋老头,最新更新 第二十章 作客·04-18 01:09 
在第四天灾中幸存,纳西利亚,最新更新 第八百四十六章 我每次倒霉不都是因为你吗？·2022-04-18 23:05 
人生副本游戏,我爱小依,最新更新 第二百一十三章：回归，新副本角色：董事会主席（求订阅求收藏求月票）·2022-04-18 01:54 
剥削好莱坞1980,莫斯科钳工果沙,最新更新 第一百三十八章 有人不喜欢这段情节·2022-04-18 22:14 
神话复苏：我在山海经斩神！,北城二千,最新更新 第一百七十八章 镇狱孟极兽·2022-04-18 12:29 
人在秦时，君临天下,今令冷泠,最新更新 第170章选择死的方式·2022-04-18 00:00 
重生1999：开启黑科技时代,红糖醪糟,最新更新 第615章 陈潇:唉对，我就是玩儿！·2022-04-18 23:33 
我伪装成了美少女的第二人格,深爪,最新更新 156、以牙还牙！（大章）·2022-04-18 23:40 
炼狱艺术家,烟火成城,最新更新 完本感言·2022-04-13 15:45 
崇祯十五年,韭菜东南生,最新更新 1240章 如果有来生·2021-12-19 08:01 
从观想太阳开始无敌,心如飘渺,最新更新 第197章：气运金光·2022-04-18 18:32 
迷踪谍影,西方蜘蛛,最新更新 第二千三百八十三章 简单粗暴·2022-04-18 10:00 
和结婚对象成为室友之后,不睡懒觉的猫,最新更新 第193章 不要迷恋哥（六千字）·2022-04-18 00:00 
信息全知者,魔性沧月,最新更新 【太一宇宙科幻设定】·2022-03-12 09:52 
重生之财源滚滚,老鹰吃小鸡,最新更新 新书《星门》发布！·2021-07-19 11:36 
我有一个武道世界,俺来组成头部,最新更新 815.队伍扩张·2022-04-18 23:01 
我有一卷鬼神图录,牛油果,最新更新 第860章 难以捉摸 （求订阅、月票）·2022-04-18 22:39 
模拟人生：我神明身份被曝光了,暴躁小气包,最新更新 第一百四十章 每个人都在做自己觉得正确的事情·2022-04-18 19:57 
我要做太孙,我要做皇帝,最新更新 第372章 真真假假钉死人·2022-04-18 13:31 
道祖是克苏鲁,板斧战士,最新更新 第三百五十八章 浮沉散·2022-04-18 08:00 
众神世界从虫族开始崛起,神凰争渡,最新更新 第四九八章 天使之吻·2022-04-18 17:08 
大运通天,石章鱼,最新更新 第五百二十一章 拟态·2022-04-18 12:37 
玄清卫,剑如蛟,最新更新 新书来啦！《一个人的道门》·2022-04-13 07:58 
人类之光安布雷拉,小柒天,最新更新 第三百二十四章 理性、利益与生存，以及老大和巨兽·2022-04-18 00:05 
逐道在诸天,新海月1,最新更新 第一百四十二章、利益动人心·2022-04-18 23:30 
当医生开了外挂,手握寸关尺,最新更新 好消息外加新书预告和感言·2022-01-28 18:43 
重生三国从养鸡开始,血月青山,最新更新 第六百五十章 张鲁之实力·2022-04-18 21:05 
财务自由后的日常,指数涵,最新更新 00000新书已发·2022-04-01 13:38 
偷看我日记，曹操制霸三国,安静l,最新更新 第二百三十五章 曹军有妖怪！（感谢【一语道破】的打赏）·2022-04-18 23:50 
武动乾坤,天蚕土豆,最新更新 新书大主宰已发。·2013-07-03 11:18 
网王：开局大招雷鸣八卦,三绝小小生,最新更新 第二百九十五章 完美配合的国中生组合·2022-04-18 22:21 
我的投资时代,桥上风景独好,最新更新 1334、一揽子计划·2022-04-18 23:00 
万古至尊,太一生水,最新更新 新书《永夜召唤》已发布！·2021-09-01 10:04 
莽荒纪,我吃西红柿,最新更新 番茄新书《宇宙职业选手》已经正式发布！·2021-11-25 11:03 
海贼的公主终成王,想静静的顿河,最新更新 第五百四十一章 乱战·2022-04-18 07:30 
库洛牌的魔法使,愿心不变,最新更新 一千一百七十一章 彷徨之人·2022-04-14 00:48 
开局从航空工业开始,五彩贝壳,最新更新 第三百八十一章 给大家表演一个旱地拔葱·2022-04-18 20:31 
重生从漫改编剧开始,画飞,最新更新 第三百一十二章 焦灼·2022-04-18 02:24 
从聊斋开始做狐仙,喵拳警告,最新更新 第一百一十八章、设醮修禳·2022-04-17 23:59 
从亮剑开始崛起,我的头像是猫,最新更新 41·2022-04-18 23:51 
在异界开医院没有那么难吧,加兰2020,最新更新 第七百八十三章 送病例上门的海军舰队（坚强的大海怪万赏加更）·2022-04-18 20:00 
东京大律师：开局律所破产,长安宅,最新更新 今天请个假·2022-04-18 22:09 
从捡到离家出走的沙优开始重生东京,筱筱有四只猫,最新更新 354、夫人，穿越吗？·2022-04-18 18:00 
我的博浪人生,偷名,最新更新 第298章 混不吝我也会·2022-04-18 22:50 
女徒弟们个个都想杀我,恨耳吟罪,最新更新 第一百七十章 一对银色鎏金凤凰步摇。（求订阅！）·2022-04-17 23:55 
玩家请上车,海晏山,最新更新 第948章 我对时间起誓·2022-04-18 23:28 
柯学验尸官,河流之汪,最新更新 新书《法医的时间旅行日志》·2022-03-06 17:53 
逆袭1988,拾寒阶,最新更新 第852章 仇人出狱【求订阅月票】·2022-04-18 15:35 
重生全能学霸,熊猫胖大,最新更新 第四十六章 小龙娱乐·2022-04-18 21:55 
从笑傲江湖开始横推武道,蒹葭渡江,最新更新 第925章军团攻击·2022-04-18 22:52 
傲世九重天,风凌天下,最新更新 新书《左道倾天》已经发布。·2020-05-04 14:16 
我的符文能升级,怒笑,最新更新 016 收人头·2022-04-18 00:07 
极道天魔,滚开,最新更新 关于新书·2019-01-15 17:49 
御道倾天,风凌天下,最新更新 新书《碧落天刀》已发。·2022-03-01 12:26 
万界圆梦师,棉衣卫,最新更新 新书已发《一万种清除玩家的方法》·2021-11-26 14:52 
我是大玩家,会说话的肘子,最新更新 4月18日新书，《夜的命名术》！·2021-04-17 21:59 
亮剑之老子是孔捷,白担心,最新更新 536 孔团长意图大事 亲身秘往津租界（求月票）·2022-04-18 12:00 
随身携带一座水族馆,山顶的奇石,最新更新 第134章 再遇旗鱼群·2022-04-18 12:01 
如此堕怠，怎能成仙,礼赞伊布,最新更新 第一百三十五章 死过的人，不会再死；活着的人，却可以反复去世！·2022-04-18 17:45 
佣兵的战争,如水意,最新更新 新书《火力为王》已发布，敬请支持。·2022-04-15 16:29 
影视世界边缘同盟,骑行拐杖,最新更新 第四百九十八章 奇怪的丛林·2022-04-18 19:14 
画妖师,小鸽哥,最新更新 四：妖踪·2022-04-18 23:07 
大秦：不装了，你爹我是秦始皇,头顶一只喵喵,最新更新 第879章 效忠的是大秦太子殿下·2022-04-18 21:01 
我的电影吓哭全球观众,圆头圆肚皮,最新更新 第四百三十七章 奇怪的试题【求订阅！】·2022-04-18 22:34 
大乘期才有逆袭系统,最白的乌鸦,最新更新 第三百六十六章 鬼仙来历·2022-04-18 22:22 
舌尖上的霍格沃茨,幽萌之羽,最新更新 第1266章 野猪和决斗（下）·2022-04-18 23:51 
催泪系导演,天下小黑,最新更新 第二百四十四章 大年三十上？我为大家抗争过啊！（第五更求订）·2022-04-18 12:04 
我的恋爱指数要满仓,鱼鱼快动,最新更新 第三百五十六章 肮脏的世界，坏坏的女人。·2022-04-18 20:25 
