http://i2.hdslb.com/bfs/archive/11a68bfd41d5c9cde744ca5b8a6f19f52a853b37.jpg,价格从几十元到一两万，剧组必备的场记板究竟有啥用？,683288544,BV1pS4y1A7WH,1650445200
http://i2.hdslb.com/bfs/archive/f29fde2606aa647517e464ee7ca32d80b669f307.jpg,【Vlog】人员近百！影视飓风的下一步是...,853134509,BV1vL4y157R1,1650099600
http://i2.hdslb.com/bfs/archive/540796138b250857332e2971e6cfff0dea48f4c9.jpg,无人机扫描整座山！耗费30天，用10000张照片还原世界文化遗产,683200001,BV1yS4y1w7V1,1649764466
http://i0.hdslb.com/bfs/archive/32f7ae424f2812b1b83bb636adf42ad4f331a45e.jpg,【4K 120FPS】极度丝滑！不用特效，1:1还原咏春对决名场面,853000971,BV1qL4y1j7fK,1649420920
http://i2.hdslb.com/bfs/archive/82566d720f47e0db002cd952018b44ac7dc43212.jpg,日更神器！影视飓风发布全自动制片机，重新定义未来剪辑！,510327417,BV1xu411i7Rn,1648742400
http://i1.hdslb.com/bfs/archive/e1bab614910729b962e989a30b5d297a77b84159.jpg,入门显微摄影？从几百元到十几万，我们花光预算做出了这条视频...,297721627,BV1FF411s7h9,1648633633
http://i2.hdslb.com/bfs/archive/5d66b6e58cc6a7683e6a8d3501ebc840674e31b9.jpg,巨人在现实中到底有多大？爆肝30天，用特效还原巨人变身名场面！,725189031,BV1gS4y1m7wj,1648462548
http://i1.hdslb.com/bfs/archive/2d87f6f2b9a9041ab5154c326bab81a8bda68e39.jpg,采访教程2.0：多机位拍摄上手，10分钟掌握高端采访技巧！,979894970,BV1f44y1P7T6,1647941534
http://i0.hdslb.com/bfs/archive/12f5e39cbc60e9fcd32522415b69e65f9cb8f468.jpg,性能这么强，能玩扫雷吗？Mac Studio上手,382289434,BV1CZ4y1z7Mf,1647523963
http://i1.hdslb.com/bfs/archive/6a68f119fbb13d0099eb094c10034109f62ce9a7.jpg,现场挨骂？！为了搞清楚婚礼怎么拍，我把同事们送去结婚了！,509849804,BV1Yu411z7a7,1647259401
http://i0.hdslb.com/bfs/archive/33ca1a7ee628f01ca5adb0d8a9a14e098818cad5.jpg,奔赴火海！顶着1600度高温，捕捉打铁花绽放瞬间！,552235014,BV1Yi4y1C7Nt,1647003416
http://i1.hdslb.com/bfs/archive/1523b5e97ce20e6ef6df0558a2fadedba0920617.jpg,最强两用机？进步不止一点点，佳能EOS R5 C评测,679633274,BV1HS4y137LU,1646913061
http://i0.hdslb.com/bfs/archive/de3c397278d8d7d3d61b4f06d8bf3227a0a033f7.jpg,离谱！因为上镜说话恐惧症，我们登上了【1818黄金眼】的新闻？,724404370,BV1xS4y167kA,1646389085
http://i0.hdslb.com/bfs/archive/d95c35dae726f6027269b48e8e6d5d0b52a94b0a.jpg,影视级倒放挑战！二创《信条》短片，电影里的时空逆转是如何实现的？,339404266,BV1sR4y157iA,1646215600
http://i0.hdslb.com/bfs/archive/ec273d2b8a66e57ac030c95833ae3fbafafdb5b9.jpg,3年只拍一个镜头？自造拍摄设备，《绿色星球》纪录片团队到底有多拼？,809283446,BV1S34y1r7Lo,1645779601
http://i2.hdslb.com/bfs/archive/5a1316856ce6b4df1e3c4ba7793495b552e3f178.jpg,强了5倍的视频机王者归来？？松下LUMIX GH6上手,851731387,BV1TL4y1g7b1,1645492019
http://i0.hdslb.com/bfs/archive/4882a0d053369d04bfa7b5c7c4698f474dac167b.jpg,【影视飓风】差一点就泄漏新品？！2022年我的包里有什么？,211551652,BV1Ca411k75J,1645092320
http://i1.hdslb.com/bfs/archive/d0f9085f87a4f008c64eebd162b989823f00e464.jpg,仅用手机，如何拍出高质感的视频？短片《寒假作业》的幕后故事,254058576,BV18Y411V7cR,1644890705
http://i2.hdslb.com/bfs/archive/18ba71b8dcd9e44b25241e217ab37a6a98910291.jpg,《寒 假 作 业》｜iPhone 13 Pro Max拍摄【杜比视界·全景声】短片,894029765,BV1EP4y1w7UF,1644890416
http://i2.hdslb.com/bfs/archive/2ce4dff369d88c4c2b7e0ef8e81f451cb31d27bb.jpg,国货之光？被带入中国空间站的8K摄影机！MAVO Edge 8K评测,636459505,BV1mb4y177Sg,1644576568
http://i0.hdslb.com/bfs/archive/fedf0b22dda943360ea13905d62fb7c73439d442.jpg,泼水成冰？机器罢工！零下25°C冰湖拍摄花样滑冰，是一种什么体验？,851384584,BV1qL4y1s7T8,1644310809
http://i0.hdslb.com/bfs/archive/550843ab3eaa34da8ba3b9b1a9a1a5c22db527d8.jpg,【广场往事】B站UP主，办了个电影节！,508722277,BV1Pu411d7rh,1643688015
http://i0.hdslb.com/bfs/archive/d8ee51ab8968838c35690358f36684eeab284c77.jpg,【全明星贺岁】全村造车，梦幻联动！,678547140,BV1jm4y1f7Au,1643450419
http://i0.hdslb.com/bfs/archive/8429c96303d4806f8f5b1efb52ce7dd37de1e19e.jpg,影视飓风都用什么APP？推荐9个小众APP，100%提升工作效率,681074883,BV1pS4y1V7wq,1643293721
http://i1.hdslb.com/bfs/archive/f1d64a142416f05c69c018d511db8fea09a25905.jpg,【原神新春会】用猫片的方式打开原神！变身猫狗厨艺争霸赛？,423295791,BV173411Y7SF,1642845600
http://i1.hdslb.com/bfs/archive/e103c05c09dd9b554ef5508052f51827b4cb449d.jpg,探秘雨戏！从剧组白嫖的洒水车，竟然拍了两场戏？,723318056,BV1GS4y1o7Y3,1642737614
http://i2.hdslb.com/bfs/archive/5c7cd9eee4f74df9e8b44e3a56a0e3da7a3f9aaf.jpg,低成本玩转绿幕，揭开让抠像更高级的秘密！,935773652,BV1ZT4y117Qy,1642500016
http://i0.hdslb.com/bfs/archive/93509478ce2a5a1c507010a727cacfc4cf946a4e.jpg,25000英尺高空一跃而下？现实中仿拍碟中谍跳伞有多难？,210504677,BV1na411q7Hb,1641805211
http://i0.hdslb.com/bfs/archive/fcb250b335c20fb0bab5af5860d44dae25f18483.jpg,真翻车了！现实中还原高难度特工车戏，全程高能！,380379501,BV1RZ4y1U769,1641556792
http://i0.hdslb.com/bfs/archive/caa36a61556419183b6ea15a8a6204cb794c56a1.jpg,【年终总结】一年更新100期！这一年我们是怎么做视频的？,337901625,BV1NR4y1G7TM,1641290400
